{"cameraMode":{"drawMode":0,"name":"Shaded","section":"Shading Mode"},"sceneLighting":true,"audioPlay":false,"sceneViewState":{"showFog":true,"showMaterialUpdate":false,"showSkybox":false,"showFlares":true,"showImageEffects":true,"showParticleSystems":true},"in2DMode":false,"pivot":{"x":0.3436927795410156,"y":2.062000274658203,"z":0.4128999710083008},"rotation":{"x":-0.08567959815263748,"y":0.027279049158096315,"z":-0.0022558863274753095,"w":-0.9960068464279175},"size":12.12435531616211,"orthographic":false}